timestamp,talonfx_10__closed_loop_setpoint__pid_0_,talonfx_10__output_voltage,talonfx_10__selected_sensor_velocity,talonfx_11__closed_loop_setpoint__pid_0_,talonfx_11__output_voltage,talonfx_11__selected_sensor_velocity,talonfx_12__closed_loop_setpoint__pid_0_,talonfx_12__output_voltage,talonfx_12__selected_sensor_velocity,talonfx_13__closed_loop_setpoint__pid_0_,talonfx_13__output_voltage,talonfx_13__selected_sensor_velocity
44,-9034.0,-4.725268817204301,-8518.0,-9034.0,-6.8527859237536655,-8421.0,9034.0,4.499560117302052,6026.0,-9034.0,-6.579667644183774,-8475.0
49,-9034.0,-4.725268817204301,-8518.0,-9034.0,-6.8527859237536655,-8421.0,9034.0,4.499560117302052,6026.0,-9034.0,-6.579667644183774,-8475.0
54,-9034.0,-4.789247311827958,-7868.0,-9034.0,-5.581231671554252,-7793.0,9034.0,3.895845552297165,8755.0,-9034.0,-5.537976539589443,-7920.0
58,-9034.0,-4.789247311827958,-7868.0,-9034.0,-5.581231671554252,-7793.0,9034.0,3.895845552297165,8755.0,-9034.0,-5.537976539589443,-7920.0
64,-9034.0,-4.8715053763440865,-7868.0,-9034.0,-5.652394916911046,-7793.0,9034.0,3.7071847507331377,8755.0,-9034.0,-5.579227761485826,-7920.0
69,-9034.0,-4.8715053763440865,-7868.0,-9034.0,-5.652394916911046,-7793.0,9034.0,3.7071847507331377,8755.0,-9034.0,-5.579227761485826,-7920.0
74,-9034.0,-5.072580645161291,-7590.0,-9034.0,-5.896383186705768,-7766.0,9034.0,3.895845552297165,10477.0,-9034.0,-5.826735092864125,-7778.0
79,-9034.0,-5.072580645161291,-7590.0,-9034.0,-5.896383186705768,-7766.0,9034.0,3.895845552297165,10477.0,-9034.0,-5.826735092864125,-7778.0
84,-9034.0,-5.255376344086022,-7590.0,-9034.0,-6.109872922776149,-7766.0,9034.0,4.20713587487781,10477.0,-9034.0,-6.115493646138808,-7778.0
89,-9034.0,-5.255376344086022,-7590.0,-9034.0,-6.109872922776149,-7766.0,9034.0,4.20713587487781,10477.0,-9034.0,-6.115493646138808,-7778.0
94,-9034.0,-5.255376344086022,-7791.0,-9034.0,-6.109872922776149,-7865.0,9034.0,4.3957966764418375,9983.0,-9034.0,-6.177370478983383,-7942.0
99,-9034.0,-5.255376344086022,-7791.0,-9034.0,-6.109872922776149,-7865.0,9034.0,4.3957966764418375,9983.0,-9034.0,-6.177370478983383,-7942.0
104,-9034.0,-5.072580645161291,-7791.0,-9034.0,-5.835386119257087,-7865.0,9034.0,4.405229716520039,9983.0,-9034.0,-5.929863147605083,-7942.0
109,-9034.0,-5.072580645161291,-7791.0,-9034.0,-5.835386119257087,-7865.0,9034.0,4.405229716520039,9983.0,-9034.0,-5.929863147605083,-7942.0
114,-9034.0,-4.834946236559141,-8145.0,-9034.0,-5.560899315738025,-8157.0,9034.0,4.424095796676442,9293.0,-9034.0,-5.929863147605083,-8412.0
119,-9034.0,-4.834946236559141,-8145.0,-9034.0,-5.560899315738025,-8157.0,9034.0,4.424095796676442,9293.0,-9034.0,-5.238905180840665,-8412.0
124,-9034.0,-4.661290322580646,-8145.0,-9034.0,-5.398240469208211,-8157.0,9034.0,5.184750733137831,9293.0,-9034.0,-5.238905180840665,-8412.0
129,-9034.0,-4.661290322580646,-8145.0,-9034.0,-5.398240469208211,-8157.0,9034.0,5.184750733137831,9293.0,-9034.0,-5.238905180840665,-8412.0
134,-9034.0,-4.54247311827957,-8345.0,-9034.0,-5.3067448680351905,-8307.0,9034.0,5.292766373411535,8614.0,-9034.0,-5.177028347996091,-8412.0
139,-9034.0,-4.54247311827957,-8345.0,-9034.0,-5.3067448680351905,-8307.0,9034.0,5.292766373411535,8614.0,-9034.0,-5.177028347996091,-8554.0
144,-9034.0,-5.244868035190616,-8345.0,-9034.0,-5.255913978494624,-8307.0,9034.0,5.38998044965787,8614.0,-9034.0,-5.146089931573803,-8554.0
149,-9034.0,-5.244868035190616,-8345.0,-9034.0,-5.255913978494624,-8307.0,9034.0,5.38998044965787,8614.0,-9034.0,-5.146089931573803,-8554.0
154,-9034.0,-5.191348973607038,-8424.0,-9034.0,-5.174584555229717,-8320.0,9034.0,5.357575757575758,8093.0,-9034.0,-5.156402737047899,-8554.0
158,-9034.0,-5.191348973607038,-8424.0,-9034.0,-5.174584555229717,-8320.0,9034.0,5.357575757575758,8093.0,-9034.0,-5.156402737047899,-8554.0
164,-9034.0,-5.073607038123167,-8424.0,-9034.0,-5.052590420332356,-8320.0,9034.0,5.2063538611925715,8093.0,-9034.0,-5.10483870967742,-8499.0
171,-9034.0,-5.073607038123167,-8424.0,-9034.0,-5.052590420332356,-8320.0,9034.0,5.2063538611925715,8093.0,-9034.0,-5.10483870967742,-8499.0
174,-9034.0,-4.977272727272727,-8627.0,-9034.0,-4.849266862170088,-8368.0,9034.0,4.96871945259042,8323.0,-9034.0,-4.960459433040079,-8499.0
179,-9034.0,-4.977272727272727,-8627.0,-9034.0,-4.849266862170088,-8368.0,9034.0,4.96871945259042,8323.0,-9034.0,-4.960459433040079,-8499.0
184,-9034.0,-4.870234604105572,-8627.0,-9034.0,-4.717106549364614,-8368.0,9034.0,4.828299120234605,8323.0,-9034.0,-4.816080156402737,-8499.0
189,-9034.0,-4.870234604105572,-8627.0,-9034.0,-4.717106549364614,-8368.0,9034.0,4.828299120234605,8323.0,-9034.0,-4.816080156402737,-8596.0
194,-9034.0,-4.816715542521994,-8749.0,-9034.0,-4.635777126099707,-8683.0,9034.0,4.73108504398827,8826.0,-9034.0,-4.7335777126099705,-8596.0
199,-9034.0,-4.816715542521994,-8749.0,-9034.0,-4.635777126099707,-8683.0,9034.0,4.73108504398827,8826.0,-9034.0,-4.7335777126099705,-8596.0
204,-9034.0,-4.838123167155425,-8749.0,-9034.0,-4.605278592375367,-8683.0,9034.0,4.73108504398827,8826.0,-9034.0,-4.7335777126099705,-8596.0
210,-9034.0,-4.838123167155425,-8749.0,-9034.0,-4.605278592375367,-8683.0,9034.0,4.687878787878788,8826.0,-9034.0,-4.7335777126099705,-8778.0
214,-9034.0,-4.806011730205278,-8752.0,-9034.0,-4.564613880742913,-8777.0,9034.0,4.687878787878788,8826.0,-9034.0,-4.7335777126099705,-8778.0
219,-9034.0,-4.806011730205278,-8752.0,-9034.0,-4.564613880742913,-8777.0,9034.0,4.687878787878788,9001.0,-9034.0,-4.7335777126099705,-8778.0
224,-9034.0,-4.795307917888563,-8752.0,-9034.0,-4.503616813294233,-8777.0,9034.0,4.633870967741936,9001.0,-9034.0,-4.723264907135875,-8683.0
229,-9034.0,-4.795307917888563,-8752.0,-9034.0,-4.503616813294233,-8777.0,9034.0,4.633870967741936,9001.0,-9034.0,-4.723264907135875,-8683.0
234,-9034.0,-4.741788856304985,-8868.0,-9034.0,-4.442619745845553,-8936.0,9034.0,4.590664711632454,9001.0,-9034.0,-4.682013685239492,-8683.0
239,-9034.0,-4.741788856304985,-8868.0,-9034.0,-4.442619745845553,-8936.0,9034.0,4.590664711632454,9079.0,-9034.0,-4.682013685239492,-8683.0
244,-9034.0,-4.709677419354838,-8868.0,-9034.0,-4.401955034213099,-8936.0,9034.0,4.569061583577713,9079.0,-9034.0,-4.609824046920822,-8818.0
249,-9034.0,-4.709677419354838,-8868.0,-9034.0,-4.401955034213099,-8936.0,9034.0,4.569061583577713,9079.0,-9034.0,-4.609824046920822,-8818.0
254,-9034.0,-4.688269794721408,-8956.0,-9034.0,-4.391788856304986,-9080.0,9034.0,4.569061583577713,9079.0,-9034.0,-4.609824046920822,-8818.0
258,-9034.0,-4.688269794721408,-8956.0,-9034.0,-4.391788856304986,-9080.0,9034.0,4.569061583577713,9115.0,-9034.0,-4.537634408602151,-8818.0
264,-9034.0,-4.677565982404692,-8956.0,-9034.0,-4.371456500488759,-9080.0,9034.0,4.579863147605083,9115.0,-9034.0,-4.537634408602151,-8976.0
270,-9034.0,-4.677565982404692,-8956.0,-9034.0,-4.371456500488759,-9080.0,9034.0,4.579863147605083,9115.0,-9034.0,-4.527321603128055,-8976.0
274,-9034.0,-4.656158357771261,-8985.0,-9034.0,-4.340957966764419,-9099.0,9034.0,4.6122678396871954,9115.0,-9034.0,-4.527321603128055,-8976.0
279,-9034.0,-4.656158357771261,-8985.0,-9034.0,-4.340957966764419,-9099.0,9034.0,4.6122678396871954,9003.0,-9034.0,-4.527321603128055,-8976.0
283,-9034.0,-4.63475073313783,-8985.0,-9034.0,-4.320625610948192,-9099.0,9034.0,4.6122678396871954,9003.0,-9034.0,-4.506695992179863,-8976.0
289,-9034.0,-4.63475073313783,-8985.0,-9034.0,-4.320625610948192,-9099.0,9034.0,4.6122678396871954,9003.0,-9034.0,-4.506695992179863,-9035.0
294,-9034.0,-4.624046920821114,-9041.0,-9034.0,-4.9853372434017595,-9112.0,9034.0,4.6122678396871954,9003.0,-9034.0,-4.486070381231672,-9035.0
299,-9034.0,-4.624046920821114,-9041.0,-9034.0,-4.9853372434017595,-9112.0,9034.0,4.6122678396871954,8927.0,-9034.0,-5.081378299120234,-9035.0
304,-9034.0,-4.613343108504399,-9041.0,-9034.0,-4.961876832844575,-9112.0,9034.0,4.601466275659824,8927.0,-9034.0,-5.0463343108504395,-9035.0
309,-9034.0,-4.613343108504399,-9041.0,-9034.0,-4.961876832844575,-9112.0,9034.0,4.601466275659824,8927.0,-9034.0,-5.0463343108504395,-9097.0
314,-9034.0,-4.602639296187683,-9070.0,-9034.0,-4.961876832844575,-9108.0,9034.0,4.590664711632454,8927.0,-9034.0,-5.011290322580645,-9097.0
319,-9034.0,-4.602639296187683,-9070.0,-9034.0,-4.961876832844575,-9108.0,9034.0,4.590664711632454,8952.0,-9034.0,-5.011290322580645,-9097.0
323,-9034.0,-4.591935483870968,-9070.0,-9034.0,-4.961876832844575,-9108.0,9034.0,4.579863147605083,8952.0,-9034.0,-5.011290322580645,-9097.0
329,-9034.0,-4.591935483870968,-9070.0,-9034.0,-4.961876832844575,-9108.0,9034.0,4.579863147605083,8952.0,-9034.0,-4.987927663734116,-9136.0
334,-9034.0,-4.581231671554252,-9072.0,-9034.0,-4.93841642228739,-9088.0,9034.0,4.569061583577713,8952.0,-9034.0,-4.987927663734116,-9136.0
339,-9034.0,-4.581231671554252,-9072.0,-9034.0,-4.93841642228739,-9088.0,9034.0,4.569061583577713,8977.0,-9034.0,-4.987927663734116,-9136.0
344,-9034.0,-4.581231671554252,-9072.0,-9034.0,-4.93841642228739,-9088.0,9034.0,4.569061583577713,8977.0,-9034.0,-4.99960899315738,-9111.0
349,-9034.0,-4.581231671554252,-9072.0,-9034.0,-4.93841642228739,-9088.0,9034.0,4.569061583577713,8977.0,-9034.0,-4.99960899315738,-9111.0
354,-9034.0,-4.559824046920821,-9091.0,-9034.0,-4.9501466275659824,-9080.0,9034.0,4.569061583577713,8977.0,-9034.0,-4.99960899315738,-9111.0
359,-9034.0,-4.559824046920821,-9091.0,-9034.0,-4.9501466275659824,-9080.0,9034.0,4.569061583577713,9000.0,-9034.0,-4.99960899315738,-9111.0
364,-9034.0,-4.559824046920821,-9091.0,-9034.0,-4.93841642228739,-9080.0,9034.0,5.023900293255132,9000.0,-9034.0,-4.99960899315738,-9111.0
369,-9034.0,-4.559824046920821,-9091.0,-9034.0,-4.93841642228739,-9080.0,9034.0,5.023900293255132,9000.0,-9034.0,-5.011290322580645,-9089.0
374,-9034.0,-4.559824046920821,-9094.0,-9034.0,-4.93841642228739,-9083.0,9034.0,5.023900293255132,9000.0,-9034.0,-5.011290322580645,-9089.0
379,-9034.0,-4.559824046920821,-9094.0,-9034.0,-4.93841642228739,-9083.0,9034.0,5.023900293255132,9025.0,-9034.0,-5.011290322580645,-9089.0
384,-9034.0,-5.047653958944282,-9094.0,-9034.0,-4.926686217008798,-9083.0,9034.0,5.035777126099707,9025.0,-9034.0,-5.02297165200391,-9089.0
389,-9034.0,-5.047653958944282,-9094.0,-9034.0,-4.926686217008798,-9083.0,9034.0,5.035777126099707,9025.0,-9034.0,-5.02297165200391,-9070.0
394,-9034.0,-5.059530791788856,-9079.0,-9034.0,-4.926686217008798,-9076.0,9034.0,5.035777126099707,9025.0,-9034.0,-5.02297165200391,-9070.0
399,-9034.0,-5.059530791788856,-9079.0,-9034.0,-4.926686217008798,-9076.0,9034.0,5.035777126099707,9014.0,-9034.0,-5.02297165200391,-9070.0
404,-9034.0,-5.059530791788856,-9079.0,-9034.0,-4.926686217008798,-9076.0,9034.0,5.035777126099707,9014.0,-9034.0,-5.02297165200391,-9070.0
409,-9034.0,-5.059530791788856,-9079.0,-9034.0,-4.926686217008798,-9076.0,9034.0,5.047653958944282,9014.0,-9034.0,-5.02297165200391,-9050.0
414,-9034.0,-5.059530791788856,-9079.0,-9034.0,-4.926686217008798,-9076.0,9034.0,5.047653958944282,9014.0,-9034.0,-5.02297165200391,-9050.0
419,-9034.0,-5.059530791788856,-9079.0,-9034.0,-4.93841642228739,-9070.0,9034.0,5.047653958944282,9001.0,-9034.0,-5.02297165200391,-9050.0
424,-9034.0,-5.059530791788856,-9079.0,-9034.0,-4.93841642228739,-9070.0,9034.0,5.047653958944282,9001.0,-9034.0,-5.02297165200391,-9050.0
429,-9034.0,-5.059530791788856,-9079.0,-9034.0,-4.93841642228739,-9070.0,9034.0,5.035777126099707,9001.0,-9034.0,-5.02297165200391,-9025.0
434,-9034.0,-5.047653958944282,-9075.0,-9034.0,-4.93841642228739,-9070.0,9034.0,5.035777126099707,9001.0,-9034.0,-5.02297165200391,-9025.0
439,-9034.0,-5.047653958944282,-9075.0,-9034.0,-4.926686217008798,-9059.0,9034.0,5.047653958944282,8994.0,-9034.0,-5.02297165200391,-9025.0
444,-9034.0,-5.047653958944282,-9075.0,-9034.0,-4.926686217008798,-9059.0,9034.0,5.047653958944282,8994.0,-9034.0,-5.02297165200391,-9025.0
449,-9034.0,-5.047653958944282,-9075.0,-9034.0,-4.926686217008798,-9059.0,9034.0,5.047653958944282,8994.0,-9034.0,-5.02297165200391,-9027.0
454,-9034.0,-5.059530791788856,-9057.0,-9034.0,-4.926686217008798,-9059.0,9034.0,5.047653958944282,8994.0,-9034.0,-5.02297165200391,-9027.0
459,-9034.0,-5.059530791788856,-9057.0,-9034.0,-4.926686217008798,-9059.0,9034.0,5.047653958944282,8994.0,-9034.0,-5.02297165200391,-9027.0
464,-9034.0,-5.059530791788856,-9057.0,-9034.0,-4.926686217008798,-9059.0,9034.0,5.047653958944282,8997.0,-9034.0,-5.02297165200391,-9027.0
469,-9034.0,-5.059530791788856,-9057.0,-9034.0,-4.926686217008798,-9059.0,9034.0,5.047653958944282,8997.0,-9034.0,-5.02297165200391,-9021.0
473,-9034.0,-5.059530791788856,-9057.0,-9034.0,-4.926686217008798,-9059.0,9034.0,5.047653958944282,8997.0,-9034.0,-5.02297165200391,-9021.0
479,-9034.0,-5.059530791788856,-9057.0,-9034.0,-4.926686217008798,-9058.0,9034.0,5.047653958944282,8997.0,-9034.0,-5.02297165200391,-9021.0
484,-9034.0,-5.047653958944282,-9057.0,-9034.0,-4.926686217008798,-9058.0,9034.0,5.035777126099707,9009.0,-9034.0,-5.02297165200391,-9021.0
489,-9034.0,-5.047653958944282,-9057.0,-9034.0,-4.926686217008798,-9058.0,9034.0,5.035777126099707,9009.0,-9034.0,-5.02297165200391,-9016.0
494,-9034.0,-5.059530791788856,-9062.0,-9034.0,-4.926686217008798,-9058.0,9034.0,5.047653958944282,9009.0,-9034.0,-5.02297165200391,-9016.0
499,-9034.0,-5.059530791788856,-9062.0,-9034.0,-4.926686217008798,-9060.0,9034.0,5.047653958944282,9009.0,-9034.0,-5.02297165200391,-9016.0
504,-9034.0,-5.047653958944282,-9062.0,-9034.0,-4.926686217008798,-9060.0,9034.0,5.047653958944282,9010.0,-9034.0,-5.02297165200391,-9016.0
509,-9034.0,-5.047653958944282,-9062.0,-9034.0,-4.926686217008798,-9060.0,9034.0,5.047653958944282,9010.0,-9034.0,-5.02297165200391,-9016.0
514,-9034.0,-5.047653958944282,-9051.0,-9034.0,-4.914956011730205,-9060.0,9034.0,5.047653958944282,9010.0,-9034.0,-5.02297165200391,-9016.0
518,-9034.0,-5.047653958944282,-9051.0,-9034.0,-4.914956011730205,-9062.0,9034.0,5.047653958944282,9010.0,-9034.0,-5.02297165200391,-9016.0
524,-9034.0,-5.047653958944282,-9051.0,-9034.0,-4.914956011730205,-9062.0,9034.0,5.047653958944282,9005.0,-9034.0,-5.02297165200391,-9016.0
529,-9034.0,-5.047653958944282,-9051.0,-9034.0,-4.914956011730205,-9062.0,9034.0,5.047653958944282,9005.0,-9034.0,-5.065004887585533,-9022.0
534,-9034.0,-5.047653958944282,-9045.0,-9034.0,-4.914956011730205,-9062.0,9034.0,5.047653958944282,9005.0,-9034.0,-5.076783968719453,-9022.0
539,-9034.0,-5.047653958944282,-9045.0,-9034.0,-4.955913978494624,-9057.0,9034.0,5.047653958944282,9005.0,-9034.0,-5.076783968719453,-9022.0
543,-9034.0,-5.047653958944282,-9045.0,-9034.0,-4.955913978494624,-9057.0,9034.0,5.059530791788856,9001.0,-9034.0,-5.076783968719453,-9022.0
549,-9034.0,-5.047653958944282,-9045.0,-9034.0,-4.955913978494624,-9057.0,9034.0,5.059530791788856,9001.0,-9034.0,-5.076783968719453,-9022.0
554,-9034.0,-5.047653958944282,-9041.0,-9034.0,-4.955913978494624,-9057.0,9034.0,5.047653958944282,9001.0,-9034.0,-5.065004887585533,-9017.0
559,-9034.0,-5.047653958944282,-9041.0,-9034.0,-4.955913978494624,-9048.0,9034.0,5.047653958944282,9001.0,-9034.0,-5.065004887585533,-9017.0
564,-9034.0,-5.035777126099707,-9041.0,-9034.0,-4.955913978494624,-9048.0,9034.0,5.059530791788856,9005.0,-9034.0,-5.065004887585533,-9017.0
569,-9034.0,-5.035777126099707,-9041.0,-9034.0,-4.955913978494624,-9048.0,9034.0,5.059530791788856,9005.0,-9034.0,-5.065004887585533,-9017.0
574,-9034.0,-5.035777126099707,-9035.0,-9034.0,-4.955913978494624,-9048.0,9034.0,5.059530791788856,9005.0,-9034.0,-5.076783968719453,-9021.0
579,-9034.0,-5.035777126099707,-9035.0,-9034.0,-4.955913978494624,-9045.0,9034.0,5.059530791788856,9005.0,-9034.0,-5.076783968719453,-9021.0
584,-9034.0,-5.035777126099707,-9035.0,-9034.0,-4.955913978494624,-9045.0,9034.0,5.059530791788856,9015.0,-9034.0,-5.065004887585533,-9021.0
590,-9034.0,-5.035777126099707,-9035.0,-9034.0,-4.955913978494624,-9045.0,9034.0,5.059530791788856,9015.0,-9034.0,-5.065004887585533,-9021.0
594,-9034.0,-5.035777126099707,-9039.0,-9034.0,-4.955913978494624,-9045.0,9034.0,5.059530791788856,9015.0,-9034.0,-5.076783968719453,-9020.0
599,-9034.0,-5.035777126099707,-9039.0,-9034.0,-4.955913978494624,-9032.0,9034.0,5.059530791788856,9015.0,-9034.0,-5.076783968719453,-9020.0
604,-9034.0,-5.035777126099707,-9039.0,-9034.0,-4.955913978494624,-9032.0,9034.0,5.059530791788856,9026.0,-9034.0,-5.076783968719453,-9020.0
610,-9034.0,-5.035777126099707,-9039.0,-9034.0,-4.955913978494624,-9032.0,9034.0,5.059530791788856,9026.0,-9034.0,-5.076783968719453,-9020.0
614,-9034.0,-5.035777126099707,-9047.0,-9034.0,-4.955913978494624,-9032.0,9034.0,5.059530791788856,9026.0,-9034.0,-5.076783968719453,-9027.0
619,-9034.0,-5.035777126099707,-9047.0,-9034.0,-4.955913978494624,-9022.0,9034.0,5.059530791788856,9026.0,-9034.0,-5.076783968719453,-9027.0
624,-9034.0,-5.035777126099707,-9047.0,-9034.0,-4.955913978494624,-9022.0,9034.0,5.059530791788856,9026.0,-9034.0,-5.076783968719453,-9027.0
629,-9034.0,-5.035777126099707,-9047.0,-9034.0,-4.955913978494624,-9022.0,9034.0,5.059530791788856,9034.0,-9034.0,-5.076783968719453,-9027.0
634,-9034.0,-5.035777126099707,-9047.0,-9034.0,-4.955913978494624,-9022.0,9034.0,5.059530791788856,9034.0,-9034.0,-5.076783968719453,-9027.0
638,-9034.0,-5.035777126099707,-9047.0,-9034.0,-4.955913978494624,-9022.0,9034.0,5.059530791788856,9034.0,-9034.0,-5.076783968719453,-9044.0
644,-9034.0,-5.047653958944282,-9047.0,-9034.0,-4.955913978494624,-9025.0,9034.0,5.059530791788856,9039.0,-9034.0,-5.065004887585533,-9044.0
649,-9034.0,-5.047653958944282,-9047.0,-9034.0,-4.955913978494624,-9025.0,9034.0,5.059530791788856,9039.0,-9034.0,-5.065004887585533,-9044.0
654,-9034.0,-5.047653958944282,-9034.0,-9034.0,-4.955913978494624,-9025.0,9034.0,5.059530791788856,9039.0,-9034.0,-5.065004887585533,-9044.0
659,-9034.0,-5.047653958944282,-9034.0,-9034.0,-4.955913978494624,-9025.0,9034.0,5.059530791788856,9039.0,-9034.0,-5.065004887585533,-9050.0
664,-9034.0,-5.047653958944282,-9034.0,-9034.0,-4.955913978494624,-9025.0,9034.0,5.059530791788856,9039.0,-9034.0,-5.065004887585533,-9050.0
669,-9034.0,-5.047653958944282,-9034.0,-9034.0,-4.955913978494624,-9014.0,9034.0,5.059530791788856,9030.0,-9034.0,-5.065004887585533,-9050.0
674,-9034.0,-5.047653958944282,-9020.0,-9034.0,-4.955913978494624,-9014.0,9034.0,5.059530791788856,9030.0,-9034.0,-5.065004887585533,-9050.0
679,-9034.0,-5.047653958944282,-9020.0,-9034.0,-4.955913978494624,-9014.0,9034.0,5.059530791788856,9030.0,-9034.0,-5.065004887585533,-9056.0
684,-9034.0,-5.047653958944282,-9020.0,-9034.0,-4.967741935483871,-9014.0,9034.0,5.059530791788856,9030.0,-9034.0,-5.065004887585533,-9056.0
689,-9034.0,-5.047653958944282,-9020.0,-9034.0,-4.967741935483871,-9016.0,9034.0,5.059530791788856,9027.0,-9034.0,-5.065004887585533,-9056.0
694,-9034.0,-5.047653958944282,-9009.0,-9034.0,-4.967741935483871,-9016.0,9034.0,5.059530791788856,9027.0,-9034.0,-5.0414467253176936,-9056.0
699,-9034.0,-5.047653958944282,-9009.0,-9034.0,-4.967741935483871,-9016.0,9034.0,5.059530791788856,9027.0,-9034.0,-5.0414467253176936,-9069.0
704,-9034.0,-5.035777126099707,-9009.0,-9034.0,-4.967741935483871,-9016.0,9034.0,5.059530791788856,9028.0,-9034.0,-5.0414467253176936,-9069.0
709,-9034.0,-5.035777126099707,-9009.0,-9034.0,-4.967741935483871,-9019.0,9034.0,5.059530791788856,9028.0,-9034.0,-5.0414467253176936,-9069.0
714,-9034.0,-5.047653958944282,-9010.0,-9034.0,-4.967741935483871,-9019.0,9034.0,5.059530791788856,9028.0,-9034.0,-5.0414467253176936,-9069.0
719,-9034.0,-5.047653958944282,-9010.0,-9034.0,-4.967741935483871,-9019.0,9034.0,5.059530791788856,9028.0,-9034.0,-5.0414467253176936,-9069.0
724,-9034.0,-5.047653958944282,-9010.0,-9034.0,-4.967741935483871,-9019.0,9034.0,5.059530791788856,9028.0,-9034.0,-5.0414467253176936,-9069.0
729,-9034.0,-5.047653958944282,-9010.0,-9034.0,-4.967741935483871,-9027.0,9034.0,5.059530791788856,9018.0,-9034.0,-5.053225806451613,-9069.0
734,-9034.0,-5.059530791788856,-9006.0,-9034.0,-4.967741935483871,-9027.0,9034.0,5.059530791788856,9018.0,-9034.0,-5.053225806451613,-9069.0
739,-9034.0,-5.059530791788856,-9006.0,-9034.0,-4.967741935483871,-9027.0,9034.0,5.059530791788856,9018.0,-9034.0,-5.053225806451613,-9065.0
744,-9034.0,-5.047653958944282,-9006.0,-9034.0,-4.967741935483871,-9027.0,9034.0,5.059530791788856,9018.0,-9034.0,-5.0414467253176936,-9065.0
751,-9034.0,-5.047653958944282,-9006.0,-9034.0,-4.967741935483871,-9039.0,9034.0,5.059530791788856,9017.0,-9034.0,-5.0414467253176936,-9065.0
754,-9034.0,-5.047653958944282,-9016.0,-9034.0,-4.967741935483871,-9039.0,9034.0,5.059530791788856,9017.0,-9034.0,-5.029667644183774,-9065.0
759,-9034.0,-5.047653958944282,-9016.0,-9034.0,-4.967741935483871,-9039.0,9034.0,5.059530791788856,9017.0,-9034.0,-5.029667644183774,-9065.0
764,-9034.0,-5.059530791788856,-9016.0,-9034.0,-4.967741935483871,-9039.0,9034.0,5.071407624633432,9017.0,-9034.0,-5.017888563049854,-9063.0
769,-9034.0,-5.059530791788856,-9016.0,-9034.0,-4.967741935483871,-9046.0,9034.0,5.071407624633432,9019.0,-9034.0,-5.017888563049854,-9063.0
774,-9034.0,-5.047653958944282,-9036.0,-9034.0,-4.967741935483871,-9046.0,9034.0,5.071407624633432,9019.0,-9034.0,-5.017888563049854,-9063.0
779,-9034.0,-5.047653958944282,-9036.0,-9034.0,-4.967741935483871,-9046.0,9034.0,5.071407624633432,9019.0,-9034.0,-5.038709677419355,-9063.0
784,-9034.0,-5.047653958944282,-9036.0,-9034.0,-4.955913978494624,-9046.0,9034.0,5.071407624633432,9019.0,-9034.0,-5.050537634408602,-9067.0
789,-9034.0,-5.047653958944282,-9036.0,-9034.0,-4.955913978494624,-9053.0,9034.0,5.071407624633432,9020.0,-9034.0,-5.050537634408602,-9067.0
794,-9034.0,-5.047653958944282,-9047.0,-9034.0,-4.944086021505377,-9053.0,9034.0,5.071407624633432,9020.0,-9034.0,-5.026881720430108,-9067.0
799,-9034.0,-5.047653958944282,-9047.0,-9034.0,-4.944086021505377,-9053.0,9034.0,5.071407624633432,9020.0,-9034.0,-5.026881720430108,-9067.0
804,-9034.0,-5.047653958944282,-9047.0,-9034.0,-4.944086021505377,-9053.0,9034.0,5.059530791788856,9020.0,-9034.0,-5.038709677419355,-9068.0
809,-9034.0,-5.047653958944282,-9047.0,-9034.0,-4.944086021505377,-9059.0,9034.0,5.059530791788856,9024.0,-9034.0,-5.038709677419355,-9068.0
814,-9034.0,-5.047653958944282,-9049.0,-9034.0,-4.944086021505377,-9059.0,9034.0,5.059530791788856,9024.0,-9034.0,-5.015053763440861,-9068.0
819,-9034.0,-5.047653958944282,-9049.0,-9034.0,-4.944086021505377,-9059.0,9034.0,5.059530791788856,9024.0,-9034.0,-5.015053763440861,-9068.0
824,-9034.0,-5.035777126099707,-9049.0,-9034.0,-4.944086021505377,-9059.0,9034.0,5.059530791788856,9024.0,-9034.0,-5.015053763440861,-9068.0
829,-9034.0,-5.035777126099707,-9049.0,-9034.0,-4.944086021505377,-9053.0,9034.0,5.059530791788856,9035.0,-9034.0,-5.026881720430108,-9071.0
834,-9034.0,-5.023900293255132,-9062.0,-9034.0,-4.944086021505377,-9053.0,9034.0,5.059530791788856,9035.0,-9034.0,-5.026881720430108,-9071.0
839,-9034.0,-5.023900293255132,-9062.0,-9034.0,-4.944086021505377,-9053.0,9034.0,5.059530791788856,9035.0,-9034.0,-5.026881720430108,-9071.0
844,-9034.0,-5.023900293255132,-9062.0,-9034.0,-4.944086021505377,-9053.0,9034.0,5.059530791788856,9035.0,-9034.0,-5.026881720430108,-9071.0
849,-9034.0,-5.023900293255132,-9062.0,-9034.0,-4.944086021505377,-9039.0,9034.0,5.071407624633432,9033.0,-9034.0,-5.026881720430108,-9064.0
854,-9034.0,-5.023900293255132,-9066.0,-9034.0,-4.955913978494624,-9039.0,9034.0,5.071407624633432,9033.0,-9034.0,-5.026881720430108,-9064.0
859,-9034.0,-5.023900293255132,-9066.0,-9034.0,-4.955913978494624,-9039.0,9034.0,5.071407624633432,9033.0,-9034.0,-5.026881720430108,-9064.0
864,-9034.0,-5.056500488758554,-9066.0,-9034.0,-4.955913978494624,-9039.0,9034.0,5.071407624633432,9033.0,-9034.0,-5.026881720430108,-9058.0
871,-9034.0,-5.056500488758554,-9066.0,-9034.0,-4.955913978494624,-9032.0,9034.0,5.071407624633432,9024.0,-9034.0,-5.038709677419355,-9058.0
874,-9034.0,-5.056500488758554,-9060.0,-9034.0,-4.955913978494624,-9032.0,9034.0,5.071407624633432,9024.0,-9034.0,-5.038709677419355,-9058.0
879,-9034.0,-5.056500488758554,-9060.0,-9034.0,-4.955913978494624,-9032.0,9034.0,5.071407624633432,9024.0,-9034.0,-5.038709677419355,-9058.0
884,-9034.0,-5.056500488758554,-9060.0,-9034.0,-4.944086021505377,-9032.0,9034.0,5.071407624633432,9024.0,-9034.0,-5.038709677419355,-9058.0
889,-9034.0,-5.056500488758554,-9060.0,-9034.0,-4.944086021505377,-9026.0,9034.0,5.071407624633432,9014.0,-9034.0,-5.038709677419355,-9055.0
894,-9034.0,-5.056500488758554,-9061.0,-9034.0,-4.944086021505377,-9026.0,9034.0,5.071407624633432,9014.0,-9034.0,-5.026881720430108,-9055.0
899,-9034.0,-5.056500488758554,-9061.0,-9034.0,-4.944086021505377,-9026.0,9034.0,5.071407624633432,9014.0,-9034.0,-5.026881720430108,-9055.0
904,-9034.0,-5.044574780058651,-9061.0,-9034.0,-4.944086021505377,-9026.0,9034.0,5.071407624633432,9014.0,-9034.0,-5.026881720430108,-9055.0
909,-9034.0,-5.044574780058651,-9061.0,-9034.0,-4.944086021505377,-9024.0,9034.0,5.071407624633432,9008.0,-9034.0,-5.026881720430108,-9043.0
914,-9034.0,-5.044574780058651,-9064.0,-9034.0,-4.944086021505377,-9024.0,9034.0,5.059530791788856,9008.0,-9034.0,-5.026881720430108,-9043.0
919,-9034.0,-5.044574780058651,-9064.0,-9034.0,-4.944086021505377,-9024.0,9034.0,5.059530791788856,9008.0,-9034.0,-5.026881720430108,-9043.0
924,-9034.0,-5.032649071358749,-9064.0,-9034.0,-4.944086021505377,-9024.0,9034.0,5.0832844574780065,9005.0,-9034.0,-5.015053763440861,-9037.0
929,-9034.0,-5.032649071358749,-9064.0,-9034.0,-4.944086021505377,-9031.0,9034.0,5.0832844574780065,9005.0,-9034.0,-5.015053763440861,-9037.0
934,-9034.0,-5.032649071358749,-9054.0,-9034.0,-4.944086021505377,-9031.0,9034.0,5.0832844574780065,9005.0,-9034.0,-5.015053763440861,-9037.0
939,-9034.0,-5.032649071358749,-9054.0,-9034.0,-4.944086021505377,-9031.0,9034.0,5.0832844574780065,9005.0,-9034.0,-5.015053763440861,-9037.0
943,-9034.0,-5.032649071358749,-9054.0,-9034.0,-4.944086021505377,-9031.0,9034.0,5.0832844574780065,9005.0,-9034.0,-5.015053763440861,-9037.0
949,-9034.0,-5.032649071358749,-9054.0,-9034.0,-4.944086021505377,-9028.0,9034.0,5.0832844574780065,9020.0,-9034.0,-5.038709677419355,-9020.0
954,-9034.0,-5.032649071358749,-9064.0,-9034.0,-4.944086021505377,-9028.0,9034.0,5.0832844574780065,9020.0,-9034.0,-5.038709677419355,-9020.0
959,-9034.0,-5.032649071358749,-9064.0,-9034.0,-4.944086021505377,-9028.0,9034.0,5.0832844574780065,9020.0,-9034.0,-5.038709677419355,-9020.0
964,-9034.0,-5.020723362658847,-9064.0,-9034.0,-4.944086021505377,-9028.0,9034.0,5.0832844574780065,9020.0,-9034.0,-5.038709677419355,-9020.0
969,-9034.0,-5.020723362658847,-9064.0,-9034.0,-4.944086021505377,-9026.0,9034.0,5.0832844574780065,9031.0,-9034.0,-5.038709677419355,-9021.0
974,-9034.0,-5.032649071358749,-9065.0,-9034.0,-4.944086021505377,-9026.0,9034.0,5.0832844574780065,9031.0,-9034.0,-5.038709677419355,-9021.0
979,-9034.0,-5.032649071358749,-9065.0,-9034.0,-4.944086021505377,-9026.0,9034.0,5.0832844574780065,9031.0,-9034.0,-5.038709677419355,-9021.0
984,-9034.0,-5.032649071358749,-9065.0,-9034.0,-4.944086021505377,-9026.0,9034.0,5.0832844574780065,9041.0,-9034.0,-5.038709677419355,-9018.0
989,-9034.0,-5.032649071358749,-9065.0,-9034.0,-4.944086021505377,-9029.0,9034.0,5.0832844574780065,9041.0,-9034.0,-5.038709677419355,-9018.0
994,-9034.0,-5.032649071358749,-9051.0,-9034.0,-4.944086021505377,-9029.0,9034.0,5.0832844574780065,9041.0,-9034.0,-5.038709677419355,-9018.0
999,-9034.0,-5.032649071358749,-9051.0,-9034.0,-4.944086021505377,-9029.0,9034.0,5.0832844574780065,9041.0,-9034.0,-5.038709677419355,-9018.0
1004,-9034.0,-5.032649071358749,-9051.0,-9034.0,-4.955913978494624,-9029.0,9034.0,5.0832844574780065,9041.0,-9034.0,-5.038709677419355,-9018.0
1009,-9034.0,-5.032649071358749,-9051.0,-9034.0,-4.955913978494624,-9023.0,9034.0,5.0832844574780065,9040.0,-9034.0,-5.038709677419355,-9012.0
1014,-9034.0,-5.032649071358749,-9040.0,-9034.0,-4.955913978494624,-9023.0,9034.0,5.0832844574780065,9040.0,-9034.0,-5.038709677419355,-9012.0
1019,-9034.0,-5.032649071358749,-9040.0,-9034.0,-4.976392961876833,-9023.0,9034.0,5.0832844574780065,9040.0,-9034.0,-5.038709677419355,-9012.0
1024,-9034.0,-5.032649071358749,-9040.0,-9034.0,-4.976392961876833,-9023.0,9034.0,5.0832844574780065,9040.0,-9034.0,-5.038709677419355,-9012.0
1029,-9034.0,-5.032649071358749,-9040.0,-9034.0,-4.976392961876833,-9023.0,9034.0,5.0832844574780065,9051.0,-9034.0,-5.038709677419355,-9007.0
1034,-9034.0,-5.032649071358749,-9035.0,-9034.0,-4.976392961876833,-9023.0,9034.0,5.0832844574780065,9051.0,-9034.0,-5.038709677419355,-9007.0
1039,-9034.0,-5.032649071358749,-9035.0,-9034.0,-4.976392961876833,-9023.0,9034.0,5.0832844574780065,9051.0,-9034.0,-5.038709677419355,-9007.0
1044,-9034.0,-5.032649071358749,-9035.0,-9034.0,-4.976392961876833,-9023.0,9034.0,5.0832844574780065,9051.0,-9034.0,-5.050537634408602,-9007.0
1049,-9034.0,-5.032649071358749,-9035.0,-9034.0,-4.976392961876833,-9031.0,9034.0,5.0832844574780065,9041.0,-9034.0,-5.050537634408602,-9013.0
1054,-9034.0,-5.032649071358749,-9023.0,-9034.0,-4.976392961876833,-9031.0,9034.0,5.0832844574780065,9041.0,-9034.0,-5.050537634408602,-9013.0
1059,-9034.0,-5.032649071358749,-9023.0,-9034.0,-4.976392961876833,-9031.0,9034.0,5.0832844574780065,9041.0,-9034.0,-5.050537634408602,-9013.0
1064,-9034.0,-5.032649071358749,-9023.0,-9034.0,-4.976392961876833,-9031.0,9034.0,5.071407624633432,9041.0,-9034.0,-5.050537634408602,-9013.0
1069,-9034.0,-5.032649071358749,-9023.0,-9034.0,-4.976392961876833,-9049.0,9034.0,5.071407624633432,9043.0,-9034.0,-5.050537634408602,-9012.0
1074,-9034.0,-5.020723362658847,-9024.0,-9034.0,-4.976392961876833,-9049.0,9034.0,5.071407624633432,9043.0,-9034.0,-5.050537634408602,-9012.0
1079,-9034.0,-5.020723362658847,-9024.0,-9034.0,-4.976392961876833,-9049.0,9034.0,5.071407624633432,9043.0,-9034.0,-5.050537634408602,-9012.0
1084,-9034.0,-5.020723362658847,-9024.0,-9034.0,-4.964516129032258,-9049.0,9034.0,5.071407624633432,9043.0,-9034.0,-5.050537634408602,-9012.0
1089,-9034.0,-5.020723362658847,-9024.0,-9034.0,-4.964516129032258,-9057.0,9034.0,5.071407624633432,9039.0,-9034.0,-5.050537634408602,-9008.0
1094,-9034.0,-5.020723362658847,-9029.0,-9034.0,-4.964516129032258,-9057.0,9034.0,5.071407624633432,9039.0,-9034.0,-5.06236559139785,-9008.0
1099,-9034.0,-5.020723362658847,-9029.0,-9034.0,-4.964516129032258,-9057.0,9034.0,5.071407624633432,9039.0,-9034.0,-5.06236559139785,-9008.0
1104,-9034.0,-5.032649071358749,-9029.0,-9034.0,-4.964516129032258,-9057.0,9034.0,5.071407624633432,9039.0,-9034.0,-5.06236559139785,-9008.0
1109,-9034.0,-5.032649071358749,-9029.0,-9034.0,-4.964516129032258,-9064.0,9034.0,5.071407624633432,9033.0,-9034.0,-5.06236559139785,-9004.0
1114,-9034.0,-5.032649071358749,-9028.0,-9034.0,-4.964516129032258,-9064.0,9034.0,5.071407624633432,9033.0,-9034.0,-5.06236559139785,-9004.0
1119,-9034.0,-5.032649071358749,-9028.0,-9034.0,-4.964516129032258,-9064.0,9034.0,5.071407624633432,9033.0,-9034.0,-5.06236559139785,-9004.0
1124,-9034.0,-5.032649071358749,-9028.0,-9034.0,-4.964516129032258,-9064.0,9034.0,5.071407624633432,9033.0,-9034.0,-5.06236559139785,-9004.0
1129,-9034.0,-5.032649071358749,-9028.0,-9034.0,-4.964516129032258,-9062.0,9034.0,5.071407624633432,9018.0,-9034.0,-5.06236559139785,-9018.0
1134,-9034.0,-5.032649071358749,-9031.0,-9034.0,-4.964516129032258,-9062.0,9034.0,5.0832844574780065,9018.0,-9034.0,-5.074193548387097,-9018.0
1139,-9034.0,-5.032649071358749,-9031.0,-9034.0,-4.964516129032258,-9062.0,9034.0,5.0832844574780065,9018.0,-9034.0,-5.074193548387097,-9018.0
1143,-9034.0,-5.032649071358749,-9031.0,-9034.0,-4.964516129032258,-9062.0,9034.0,5.0832844574780065,9018.0,-9034.0,-5.074193548387097,-9018.0
1149,-9034.0,-5.032649071358749,-9031.0,-9034.0,-4.964516129032258,-9057.0,9034.0,5.0832844574780065,9013.0,-9034.0,-5.074193548387097,-9022.0
1154,-9034.0,-5.032649071358749,-9027.0,-9034.0,-4.964516129032258,-9057.0,9034.0,5.0832844574780065,9013.0,-9034.0,-5.074193548387097,-9022.0
1159,-9034.0,-5.032649071358749,-9027.0,-9034.0,-4.964516129032258,-9057.0,9034.0,5.0832844574780065,9013.0,-9034.0,-5.074193548387097,-9022.0
1164,-9034.0,-5.032649071358749,-9027.0,-9034.0,-4.964516129032258,-9057.0,9034.0,5.0832844574780065,9013.0,-9034.0,-5.06236559139785,-9022.0
1169,-9034.0,-5.032649071358749,-9027.0,-9034.0,-4.964516129032258,-9056.0,9034.0,5.0832844574780065,9016.0,-9034.0,-5.06236559139785,-9029.0
1174,-9034.0,-5.044574780058651,-9016.0,-9034.0,-4.964516129032258,-9056.0,9034.0,5.0832844574780065,9016.0,-9034.0,-5.06236559139785,-9029.0
1179,-9034.0,-5.044574780058651,-9016.0,-9034.0,-4.964516129032258,-9056.0,9034.0,5.0832844574780065,9016.0,-9034.0,-5.06236559139785,-9029.0
1184,-9034.0,-5.044574780058651,-9016.0,-9034.0,-4.964516129032258,-9056.0,9034.0,5.0832844574780065,9016.0,-9034.0,-5.06236559139785,-9029.0
1189,-9034.0,-5.044574780058651,-9016.0,-9034.0,-4.964516129032258,-9042.0,9034.0,5.0832844574780065,9021.0,-9034.0,-5.06236559139785,-9038.0
1194,-9034.0,-5.044574780058651,-9023.0,-9034.0,-4.964516129032258,-9042.0,9034.0,5.0832844574780065,9021.0,-9034.0,-5.074193548387097,-9038.0
1198,-9034.0,-5.044574780058651,-9023.0,-9034.0,-4.964516129032258,-9042.0,9034.0,5.0832844574780065,9021.0,-9034.0,-5.074193548387097,-9038.0
1204,-9034.0,-5.044574780058651,-9023.0,-9034.0,-4.964516129032258,-9042.0,9034.0,5.0832844574780065,9021.0,-9034.0,-5.074193548387097,-9038.0
1209,-9034.0,-5.044574780058651,-9023.0,-9034.0,-4.964516129032258,-9036.0,9034.0,5.0832844574780065,9027.0,-9034.0,-5.074193548387097,-9037.0
1214,-9034.0,-5.044574780058651,-9029.0,-9034.0,-4.964516129032258,-9036.0,9034.0,5.0832844574780065,9027.0,-9034.0,-5.06236559139785,-9037.0
1219,-9034.0,-5.044574780058651,-9029.0,-9034.0,-4.964516129032258,-9036.0,9034.0,5.0832844574780065,9027.0,-9034.0,-5.06236559139785,-9037.0
1224,-9034.0,-5.044574780058651,-9029.0,-9034.0,-4.964516129032258,-9036.0,9034.0,5.0832844574780065,9027.0,-9034.0,-5.06236559139785,-9037.0
1229,-9034.0,-5.044574780058651,-9029.0,-9034.0,-4.964516129032258,-9036.0,9034.0,5.0832844574780065,9027.0,-9034.0,-5.06236559139785,-9045.0
1234,-9034.0,-5.044574780058651,-9032.0,-9034.0,-4.964516129032258,-9036.0,9034.0,5.0832844574780065,9027.0,-9034.0,-5.06236559139785,-9045.0
1239,-9034.0,-5.044574780058651,-9032.0,-9034.0,-4.964516129032258,-9036.0,9034.0,5.0832844574780065,9027.0,-9034.0,-5.06236559139785,-9045.0
1244,-9034.0,-5.044574780058651,-9032.0,-9034.0,-4.964516129032258,-9036.0,9034.0,5.0832844574780065,9027.0,-9034.0,-5.06236559139785,-9045.0
1249,-9034.0,-5.044574780058651,-9032.0,-9034.0,-4.964516129032258,-9043.0,9034.0,5.0832844574780065,9031.0,-9034.0,-5.06236559139785,-9044.0
1254,-9034.0,-5.044574780058651,-9038.0,-9034.0,-4.964516129032258,-9043.0,9034.0,5.0832844574780065,9031.0,-9034.0,-5.050537634408602,-9044.0
1259,-9034.0,-5.044574780058651,-9038.0,-9034.0,-4.964516129032258,-9043.0,9034.0,5.0832844574780065,9031.0,-9034.0,-5.050537634408602,-9044.0
1264,-9034.0,-5.044574780058651,-9038.0,-9034.0,-4.964516129032258,-9043.0,9034.0,5.0832844574780065,9031.0,-9034.0,-5.050537634408602,-9044.0
1269,-9034.0,-5.044574780058651,-9038.0,-9034.0,-4.964516129032258,-9042.0,9034.0,5.0832844574780065,9032.0,-9034.0,-5.050537634408602,-9048.0
1274,-9034.0,-5.044574780058651,-9050.0,-9034.0,-4.964516129032258,-9042.0,9034.0,5.0832844574780065,9032.0,-9034.0,-5.050537634408602,-9048.0
1279,-9034.0,-5.044574780058651,-9050.0,-9034.0,-4.964516129032258,-9042.0,9034.0,5.0832844574780065,9032.0,-9034.0,-5.050537634408602,-9048.0
1284,-9034.0,-5.044574780058651,-9050.0,-9034.0,-4.964516129032258,-9042.0,9034.0,5.0832844574780065,9032.0,-9034.0,-5.050537634408602,-9048.0
1289,-9034.0,-5.044574780058651,-9050.0,-9034.0,-4.964516129032258,-9048.0,9034.0,5.0832844574780065,9032.0,-9034.0,-5.050537634408602,-9048.0
1294,-9034.0,-5.032649071358749,-9052.0,-9034.0,-4.964516129032258,-9048.0,9034.0,5.0832844574780065,9031.0,-9034.0,-5.050537634408602,-9048.0
1299,-9034.0,-5.032649071358749,-9052.0,-9034.0,-4.964516129032258,-9048.0,9034.0,5.0832844574780065,9031.0,-9034.0,-5.050537634408602,-9048.0
1304,-9034.0,-5.032649071358749,-9052.0,-9034.0,-4.964516129032258,-9048.0,9034.0,5.0832844574780065,9031.0,-9034.0,-5.050537634408602,-9048.0
1309,-9034.0,-5.032649071358749,-9052.0,-9034.0,-4.964516129032258,-9052.0,9034.0,5.0832844574780065,9031.0,-9034.0,-5.050537634408602,-9048.0
1314,-9034.0,-5.020723362658847,-9056.0,-9034.0,-4.964516129032258,-9052.0,9034.0,5.0832844574780065,9043.0,-9034.0,-5.038709677419355,-9052.0
1319,-9034.0,-5.020723362658847,-9056.0,-9034.0,-4.964516129032258,-9052.0,9034.0,5.0832844574780065,9043.0,-9034.0,-5.038709677419355,-9052.0
1324,-9034.0,-5.020723362658847,-9056.0,-9034.0,-4.964516129032258,-9052.0,9034.0,5.0832844574780065,9043.0,-9034.0,-5.038709677419355,-9052.0
1329,-9034.0,-5.020723362658847,-9056.0,-9034.0,-4.964516129032258,-9049.0,9034.0,5.0832844574780065,9043.0,-9034.0,-5.038709677419355,-9052.0
1334,-9034.0,-5.032649071358749,-9047.0,-9034.0,-4.964516129032258,-9049.0,9034.0,5.0832844574780065,9051.0,-9034.0,-5.050537634408602,-9041.0
1339,-9034.0,-5.032649071358749,-9047.0,-9034.0,-4.964516129032258,-9049.0,9034.0,5.0832844574780065,9051.0,-9034.0,-5.050537634408602,-9041.0
1344,-9034.0,-5.032649071358749,-9047.0,-9034.0,-4.976392961876833,-9049.0,9034.0,5.095161290322581,9051.0,-9034.0,-5.050537634408602,-9041.0
1349,-9034.0,-5.032649071358749,-9047.0,-9034.0,-4.976392961876833,-9043.0,9034.0,5.095161290322581,9051.0,-9034.0,-5.050537634408602,-9041.0
1354,-9034.0,-5.032649071358749,-9030.0,-9034.0,-4.952639296187684,-9043.0,9034.0,5.095161290322581,9048.0,-9034.0,-5.050537634408602,-9044.0
1359,-9034.0,-5.032649071358749,-9030.0,-9034.0,-4.952639296187684,-9043.0,9034.0,5.095161290322581,9048.0,-9034.0,-5.050537634408602,-9044.0
1364,-9034.0,-5.044574780058651,-9030.0,-9034.0,-4.964516129032258,-9043.0,9034.0,5.095161290322581,9048.0,-9034.0,-5.050537634408602,-9044.0
1369,-9034.0,-5.044574780058651,-9030.0,-9034.0,-4.964516129032258,-9029.0,9034.0,5.095161290322581,9048.0,-9034.0,-5.050537634408602,-9044.0
1374,-9034.0,-5.044574780058651,-9015.0,-9034.0,-4.964516129032258,-9029.0,9034.0,5.095161290322581,9045.0,-9034.0,-5.050537634408602,-9035.0
1379,-9034.0,-5.044574780058651,-9015.0,-9034.0,-4.964516129032258,-9029.0,9034.0,5.095161290322581,9045.0,-9034.0,-5.050537634408602,-9035.0
1384,-9034.0,-5.044574780058651,-9015.0,-9034.0,-4.976392961876833,-9029.0,9034.0,5.095161290322581,9045.0,-9034.0,-5.050537634408602,-9035.0
1389,-9034.0,-5.044574780058651,-9015.0,-9034.0,-4.976392961876833,-9022.0,9034.0,5.095161290322581,9045.0,-9034.0,-5.050537634408602,-9035.0
1394,-9034.0,-5.044574780058651,-9007.0,-9034.0,-4.964516129032258,-9022.0,9034.0,5.0832844574780065,9045.0,-9034.0,-5.050537634408602,-9048.0
1399,-9034.0,-5.044574780058651,-9007.0,-9034.0,-4.964516129032258,-9022.0,9034.0,5.0832844574780065,9045.0,-9034.0,-5.050537634408602,-9048.0
1404,-9034.0,-5.068426197458456,-9007.0,-9034.0,-4.964516129032258,-9022.0,9034.0,5.0832844574780065,9045.0,-9034.0,-5.050537634408602,-9048.0
1409,-9034.0,-5.068426197458456,-9007.0,-9034.0,-4.964516129032258,-9029.0,9034.0,5.0832844574780065,9045.0,-9034.0,-5.050537634408602,-9048.0
1414,-9034.0,-5.056500488758554,-8999.0,-9034.0,-4.964516129032258,-9029.0,9034.0,5.0832844574780065,9042.0,-9034.0,-5.050537634408602,-9035.0
1419,-9034.0,-5.056500488758554,-8999.0,-9034.0,-4.964516129032258,-9029.0,9034.0,5.0832844574780065,9042.0,-9034.0,-5.050537634408602,-9035.0
1424,-9034.0,-5.044574780058651,-8999.0,-9034.0,-4.964516129032258,-9029.0,9034.0,5.0832844574780065,9042.0,-9034.0,-5.050537634408602,-9035.0
1429,-9034.0,-5.044574780058651,-8999.0,-9034.0,-4.964516129032258,-9030.0,9034.0,5.0832844574780065,9042.0,-9034.0,-5.050537634408602,-9035.0
1434,-9034.0,-5.044574780058651,-9009.0,-9034.0,-4.964516129032258,-9030.0,9034.0,5.071407624633432,9046.0,-9034.0,-5.050537634408602,-9046.0
1439,-9034.0,-5.044574780058651,-9009.0,-9034.0,-4.964516129032258,-9030.0,9034.0,5.071407624633432,9046.0,-9034.0,-5.050537634408602,-9046.0
1444,-9034.0,-5.044574780058651,-9009.0,-9034.0,-4.964516129032258,-9030.0,9034.0,5.071407624633432,9046.0,-9034.0,-5.050537634408602,-9046.0
1449,-9034.0,-5.044574780058651,-9009.0,-9034.0,-4.964516129032258,-9029.0,9034.0,5.071407624633432,9046.0,-9034.0,-5.026881720430108,-9046.0
1454,-9034.0,-5.044574780058651,-9026.0,-9034.0,-4.964516129032258,-9029.0,9034.0,5.071407624633432,9046.0,-9034.0,-5.026881720430108,-9046.0
1459,-9034.0,-5.044574780058651,-9026.0,-9034.0,-4.964516129032258,-9029.0,9034.0,5.071407624633432,9049.0,-9034.0,-5.038709677419355,-9041.0
1464,-9034.0,-5.044574780058651,-9026.0,-9034.0,-4.964516129032258,-9029.0,9034.0,5.071407624633432,9049.0,-9034.0,-5.038709677419355,-9041.0
1469,-9034.0,-5.044574780058651,-9026.0,-9034.0,-4.964516129032258,-9042.0,9034.0,5.071407624633432,9049.0,-9034.0,-5.038709677419355,-9041.0
1474,-9034.0,-5.044574780058651,-9035.0,-9034.0,-4.964516129032258,-9042.0,9034.0,5.071407624633432,9049.0,-9034.0,-5.038709677419355,-9041.0
1479,-9034.0,-5.044574780058651,-9035.0,-9034.0,-4.964516129032258,-9042.0,9034.0,5.071407624633432,9044.0,-9034.0,-5.038709677419355,-9056.0
1484,-9034.0,-5.044574780058651,-9035.0,-9034.0,-4.964516129032258,-9042.0,9034.0,5.071407624633432,9044.0,-9034.0,-5.038709677419355,-9056.0
1489,-9034.0,-5.044574780058651,-9035.0,-9034.0,-4.964516129032258,-9047.0,9034.0,5.071407624633432,9044.0,-9034.0,-5.038709677419355,-9056.0
1494,-9034.0,-5.056500488758554,-9030.0,-9034.0,-4.964516129032258,-9047.0,9034.0,5.071407624633432,9044.0,-9034.0,-5.038709677419355,-9056.0
1499,-9034.0,-5.056500488758554,-9030.0,-9034.0,-4.964516129032258,-9047.0,9034.0,5.071407624633432,9040.0,-9034.0,-5.038709677419355,-9048.0
1504,-9034.0,-5.056500488758554,-9030.0,-9034.0,-4.964516129032258,-9047.0,9034.0,5.071407624633432,9040.0,-9034.0,-5.038709677419355,-9048.0
1509,-9034.0,-5.056500488758554,-9030.0,-9034.0,-4.964516129032258,-9039.0,9034.0,5.071407624633432,9040.0,-9034.0,-5.026881720430108,-9048.0
1514,-9034.0,-5.044574780058651,-9033.0,-9034.0,-4.964516129032258,-9039.0,9034.0,5.071407624633432,9040.0,-9034.0,-5.026881720430108,-9048.0
1519,-9034.0,-5.044574780058651,-9033.0,-9034.0,-4.964516129032258,-9039.0,9034.0,5.071407624633432,9035.0,-9034.0,-5.026881720430108,-9053.0
1524,-9034.0,-5.044574780058651,-9033.0,-9034.0,-4.952639296187684,-9039.0,9034.0,5.071407624633432,9035.0,-9034.0,-5.026881720430108,-9053.0
1529,-9034.0,-5.044574780058651,-9033.0,-9034.0,-4.952639296187684,-9039.0,9034.0,5.071407624633432,9035.0,-9034.0,-5.026881720430108,-9053.0
1534,-9034.0,-5.044574780058651,-9032.0,-9034.0,-4.940762463343108,-9039.0,9034.0,5.071407624633432,9035.0,-9034.0,-5.026881720430108,-9053.0
1539,-9034.0,-5.044574780058651,-9032.0,-9034.0,-4.940762463343108,-9039.0,9034.0,5.071407624633432,9033.0,-9034.0,-5.026881720430108,-9044.0
1544,-9034.0,-5.044574780058651,-9032.0,-9034.0,-4.952639296187684,-9039.0,9034.0,5.071407624633432,9033.0,-9034.0,-5.026881720430108,-9044.0
1549,-9034.0,-5.044574780058651,-9032.0,-9034.0,-4.952639296187684,-9038.0,9034.0,5.071407624633432,9033.0,-9034.0,-5.038709677419355,-9044.0
1554,-9034.0,-5.044574780058651,-9031.0,-9034.0,-4.952639296187684,-9038.0,9034.0,5.071407624633432,9033.0,-9034.0,-5.038709677419355,-9044.0
1559,-9034.0,-5.044574780058651,-9031.0,-9034.0,-4.952639296187684,-9038.0,9034.0,5.071407624633432,9038.0,-9034.0,-5.038709677419355,-9041.0
1564,-9034.0,-5.044574780058651,-9031.0,-9034.0,-4.952639296187684,-9038.0,9034.0,5.071407624633432,9038.0,-9034.0,-5.038709677419355,-9041.0
1569,-9034.0,-5.044574780058651,-9031.0,-9034.0,-4.952639296187684,-9029.0,9034.0,5.071407624633432,9038.0,-9034.0,-5.038709677419355,-9041.0
1574,-9034.0,-5.044574780058651,-9036.0,-9034.0,-4.952639296187684,-9029.0,9034.0,5.071407624633432,9038.0,-9034.0,-5.038709677419355,-9041.0
1579,-9034.0,-5.044574780058651,-9036.0,-9034.0,-4.952639296187684,-9029.0,9034.0,5.071407624633432,9041.0,-9034.0,-5.038709677419355,-9035.0
1584,-9034.0,-5.023900293255132,-9036.0,-9034.0,-4.952639296187684,-9029.0,9034.0,5.071407624633432,9041.0,-9034.0,-5.038709677419355,-9035.0
1589,-9034.0,-5.023900293255132,-9036.0,-9034.0,-4.952639296187684,-9032.0,9034.0,5.071407624633432,9041.0,-9034.0,-5.038709677419355,-9035.0
1594,-9034.0,-5.035777126099707,-9034.0,-9034.0,-4.952639296187684,-9032.0,9034.0,5.071407624633432,9041.0,-9034.0,-5.038709677419355,-9035.0
1599,-9034.0,-5.035777126099707,-9034.0,-9034.0,-4.952639296187684,-9032.0,9034.0,5.071407624633432,9038.0,-9034.0,-5.038709677419355,-9030.0
1604,-9034.0,-5.035777126099707,-9034.0,-9034.0,-4.952639296187684,-9032.0,9034.0,5.071407624633432,9038.0,-9034.0,-5.038709677419355,-9030.0
1609,-9034.0,-5.035777126099707,-9034.0,-9034.0,-4.952639296187684,-9030.0,9034.0,5.071407624633432,9038.0,-9034.0,-5.038709677419355,-9030.0
1614,-9034.0,-5.035777126099707,-9035.0,-9034.0,-4.952639296187684,-9030.0,9034.0,5.071407624633432,9038.0,-9034.0,-5.038709677419355,-9030.0
1619,-9034.0,-5.035777126099707,-9035.0,-9034.0,-4.952639296187684,-9030.0,9034.0,5.071407624633432,9039.0,-9034.0,-5.038709677419355,-9023.0
1624,-9034.0,-5.035777126099707,-9035.0,-9034.0,-4.964516129032258,-9030.0,9034.0,5.071407624633432,9039.0,-9034.0,-5.038709677419355,-9023.0
1629,-9034.0,-5.035777126099707,-9035.0,-9034.0,-4.964516129032258,-9019.0,9034.0,5.071407624633432,9039.0,-9034.0,-5.038709677419355,-9023.0
1634,-9034.0,-5.035777126099707,-9032.0,-9034.0,-4.976392961876833,-9019.0,9034.0,5.0832844574780065,9039.0,-9034.0,-5.038709677419355,-9023.0
1639,-9034.0,-5.035777126099707,-9032.0,-9034.0,-4.976392961876833,-9019.0,9034.0,5.0832844574780065,9032.0,-9034.0,-5.038709677419355,-9027.0
1644,-9034.0,-5.035777126099707,-9032.0,-9034.0,-4.976392961876833,-9019.0,9034.0,5.071407624633432,9032.0,-9034.0,-5.038709677419355,-9027.0
1649,-9034.0,-5.035777126099707,-9032.0,-9034.0,-4.976392961876833,-9020.0,9034.0,5.071407624633432,9032.0,-9034.0,-5.038709677419355,-9027.0
1654,-9034.0,-5.023900293255132,-9037.0,-9034.0,-4.976392961876833,-9020.0,9034.0,5.071407624633432,9032.0,-9034.0,-5.038709677419355,-9027.0
1659,-9034.0,-5.023900293255132,-9037.0,-9034.0,-4.976392961876833,-9020.0,9034.0,5.071407624633432,9037.0,-9034.0,-5.050537634408602,-9028.0
1664,-9034.0,-5.023900293255132,-9037.0,-9034.0,-4.976392961876833,-9020.0,9034.0,5.071407624633432,9037.0,-9034.0,-5.050537634408602,-9028.0
1669,-9034.0,-5.023900293255132,-9037.0,-9034.0,-4.976392961876833,-9026.0,9034.0,5.071407624633432,9037.0,-9034.0,-5.050537634408602,-9028.0
1674,-9034.0,-5.023900293255132,-9023.0,-9034.0,-4.976392961876833,-9026.0,9034.0,5.071407624633432,9037.0,-9034.0,-5.050537634408602,-9028.0
1679,-9034.0,-5.023900293255132,-9023.0,-9034.0,-4.976392961876833,-9026.0,9034.0,5.071407624633432,9040.0,-9034.0,-5.050537634408602,-9021.0
1684,-9034.0,-5.035777126099707,-9023.0,-9034.0,-4.976392961876833,-9026.0,9034.0,5.071407624633432,9040.0,-9034.0,-5.050537634408602,-9021.0
1689,-9034.0,-5.035777126099707,-9023.0,-9034.0,-4.976392961876833,-9026.0,9034.0,5.071407624633432,9040.0,-9034.0,-5.050537634408602,-9021.0
1694,-9034.0,-5.035777126099707,-9025.0,-9034.0,-4.976392961876833,-9026.0,9034.0,5.071407624633432,9040.0,-9034.0,-5.038709677419355,-9021.0
1699,-9034.0,-5.035777126099707,-9025.0,-9034.0,-4.976392961876833,-9026.0,9034.0,5.071407624633432,9049.0,-9034.0,-5.038709677419355,-9020.0
1704,-9034.0,-5.047653958944282,-9025.0,-9034.0,-4.964516129032258,-9026.0,9034.0,5.071407624633432,9049.0,-9034.0,-5.038709677419355,-9020.0
1709,-9034.0,-5.047653958944282,-9025.0,-9034.0,-4.964516129032258,-9031.0,9034.0,5.071407624633432,9049.0,-9034.0,-5.038709677419355,-9020.0
1714,-9034.0,-5.047653958944282,-9010.0,-9034.0,-4.976392961876833,-9031.0,9034.0,5.071407624633432,9049.0,-9034.0,-5.038709677419355,-9020.0
1719,-9034.0,-5.047653958944282,-9010.0,-9034.0,-4.976392961876833,-9031.0,9034.0,5.071407624633432,9049.0,-9034.0,-5.038709677419355,-9020.0
1724,-9034.0,-5.059530791788856,-9010.0,-9034.0,-4.964516129032258,-9031.0,9034.0,5.071407624633432,9038.0,-9034.0,-5.038709677419355,-9025.0
1729,-9034.0,-5.059530791788856,-9010.0,-9034.0,-4.964516129032258,-9034.0,9034.0,5.0832844574780065,9038.0,-9034.0,-5.038709677419355,-9025.0
1734,-9034.0,-5.059530791788856,-9007.0,-9034.0,-4.964516129032258,-9034.0,9034.0,5.0832844574780065,9038.0,-9034.0,-5.038709677419355,-9025.0
1739,-9034.0,-5.059530791788856,-9007.0,-9034.0,-4.964516129032258,-9034.0,9034.0,5.0832844574780065,9038.0,-9034.0,-5.038709677419355,-9025.0
1744,-9034.0,-5.059530791788856,-9007.0,-9034.0,-4.964516129032258,-9034.0,9034.0,5.0832844574780065,9033.0,-9034.0,-5.038709677419355,-9026.0
1749,-9034.0,-5.059530791788856,-9007.0,-9034.0,-4.964516129032258,-9040.0,9034.0,5.0832844574780065,9033.0,-9034.0,-5.050537634408602,-9026.0
1753,-9034.0,-5.059530791788856,-9001.0,-9034.0,-4.964516129032258,-9040.0,9034.0,5.0832844574780065,9033.0,-9034.0,-5.050537634408602,-9026.0
1759,-9034.0,-5.059530791788856,-9001.0,-9034.0,-4.964516129032258,-9040.0,9034.0,5.071407624633432,9033.0,-9034.0,-5.050537634408602,-9026.0
1764,-9034.0,-5.047653958944282,-9001.0,-9034.0,-4.964516129032258,-9045.0,9034.0,5.071407624633432,9040.0,-9034.0,-5.050537634408602,-9032.0
1770,-9034.0,-5.047653958944282,-9001.0,-9034.0,-4.964516129032258,-9045.0,9034.0,5.071407624633432,9040.0,-9034.0,-5.050537634408602,-9032.0
1774,-9034.0,-5.047653958944282,-9014.0,-9034.0,-4.964516129032258,-9045.0,9034.0,5.071407624633432,9040.0,-9034.0,-5.050537634408602,-9032.0
1779,-9034.0,-5.047653958944282,-9014.0,-9034.0,-4.964516129032258,-9045.0,9034.0,5.071407624633432,9040.0,-9034.0,-5.050537634408602,-9032.0
1784,-9034.0,-5.059530791788856,-9014.0,-9034.0,-4.964516129032258,-9045.0,9034.0,5.071407624633432,9040.0,-9034.0,-5.050537634408602,-9032.0
1789,-9034.0,-5.059530791788856,-9014.0,-9034.0,-4.964516129032258,-9040.0,9034.0,5.071407624633432,9044.0,-9034.0,-5.050537634408602,-9034.0
1794,-9034.0,-5.059530791788856,-9020.0,-9034.0,-4.964516129032258,-9040.0,9034.0,5.059530791788856,9044.0,-9034.0,-5.050537634408602,-9034.0
1799,-9034.0,-5.059530791788856,-9020.0,-9034.0,-4.964516129032258,-9040.0,9034.0,5.059530791788856,9044.0,-9034.0,-5.050537634408602,-9034.0
1804,-9034.0,-5.059530791788856,-9020.0,-9034.0,-4.964516129032258,-9040.0,9034.0,5.059530791788856,9044.0,-9034.0,-5.050537634408602,-9034.0
1809,-9034.0,-5.059530791788856,-9020.0,-9034.0,-4.964516129032258,-9033.0,9034.0,5.059530791788856,9049.0,-9034.0,-5.050537634408602,-9050.0
1814,-9034.0,-5.059530791788856,-9042.0,-9034.0,-4.964516129032258,-9033.0,9034.0,5.059530791788856,9049.0,-9034.0,-5.038709677419355,-9050.0
1819,-9034.0,-5.059530791788856,-9042.0,-9034.0,-4.976392961876833,-9033.0,9034.0,5.059530791788856,9049.0,-9034.0,-5.038709677419355,-9050.0
1824,-9034.0,-5.059530791788856,-9042.0,-9034.0,-4.976392961876833,-9033.0,9034.0,5.059530791788856,9049.0,-9034.0,-5.026881720430108,-9050.0
1829,-9034.0,-5.059530791788856,-9042.0,-9034.0,-4.976392961876833,-9042.0,9034.0,5.059530791788856,9049.0,-9034.0,-5.026881720430108,-9051.0
1834,-9034.0,-5.059530791788856,-9039.0,-9034.0,-4.976392961876833,-9042.0,9034.0,5.059530791788856,9049.0,-9034.0,-5.038709677419355,-9051.0
1839,-9034.0,-5.059530791788856,-9039.0,-9034.0,-4.976392961876833,-9042.0,9034.0,5.059530791788856,9049.0,-9034.0,-5.038709677419355,-9051.0
1844,-9034.0,-5.059530791788856,-9039.0,-9034.0,-4.976392961876833,-9042.0,9034.0,5.059530791788856,9049.0,-9034.0,-5.038709677419355,-9051.0
1849,-9034.0,-5.059530791788856,-9039.0,-9034.0,-4.976392961876833,-9038.0,9034.0,5.059530791788856,9037.0,-9034.0,-5.038709677419355,-9053.0
1854,-9034.0,-5.059530791788856,-9032.0,-9034.0,-4.976392961876833,-9038.0,9034.0,5.059530791788856,9037.0,-9034.0,-5.038709677419355,-9053.0
1859,-9034.0,-5.059530791788856,-9032.0,-9034.0,-4.976392961876833,-9038.0,9034.0,5.059530791788856,9037.0,-9034.0,-5.038709677419355,-9053.0
1864,-9034.0,-5.059530791788856,-9032.0,-9034.0,-4.976392961876833,-9038.0,9034.0,5.059530791788856,9037.0,-9034.0,-5.038709677419355,-9053.0
1869,0.0,-5.059530791788856,-9032.0,0.0,-4.976392961876833,-9029.0,0.0,5.059530791788856,9024.0,0.0,-5.038709677419355,-9048.0
1874,0.0,-5.059530791788856,-9027.0,0.0,-4.976392961876833,-9029.0,0.0,5.059530791788856,9024.0,0.0,-5.038709677419355,-9048.0
1879,0.0,-5.059530791788856,-9027.0,0.0,-4.976392961876833,-9029.0,0.0,5.059530791788856,9024.0,0.0,-5.038709677419355,-9048.0
1884,0.0,-5.059530791788856,-9027.0,0.0,-4.976392961876833,-9029.0,0.0,1.734017595307918,9024.0,0.0,-2.6258064516129034,-9048.0
1889,0.0,-5.059530791788856,-9027.0,0.0,0.0,-8971.0,0.0,1.734017595307918,8999.0,0.0,-2.6258064516129034,-8742.0
1894,0.0,-1.2589442815249268,-8994.0,0.0,0.0,-8971.0,0.0,-2.969208211143695,8999.0,0.0,2.1053763440860216,-8742.0
1899,0.0,-1.2589442815249268,-8994.0,0.0,0.0,-8971.0,0.0,-2.969208211143695,8999.0,0.0,2.1053763440860216,-8742.0
1904,0.0,3.4917888563049857,-8994.0,0.0,0.0,-8971.0,0.0,0.0,8999.0,0.0,0.0,-8742.0
1909,0.0,3.4917888563049857,-8994.0,0.0,0.0,-8971.0,0.0,0.0,8999.0,0.0,0.0,-8742.0
1914,0.0,0.0,-8994.0,0.0,0.0,-7453.0,0.0,0.0,7748.0,0.0,0.0,-7181.0
1919,0.0,0.0,-7535.0,0.0,0.0,-7453.0,0.0,0.0,7748.0,0.0,0.0,-7181.0
1924,0.0,0.0,-7535.0,0.0,0.0,-7453.0,0.0,0.0,7748.0,0.0,0.0,-7181.0
1929,0.0,0.0,-7535.0,0.0,0.0,-7453.0,0.0,0.0,7748.0,0.0,0.0,-7181.0
1934,0.0,0.0,-7535.0,0.0,0.0,-5668.0,0.0,0.0,6271.0,0.0,0.0,-5759.0
1939,0.0,0.0,-5800.0,0.0,0.0,-5668.0,0.0,0.0,6271.0,0.0,0.0,-5759.0
1944,0.0,0.0,-5800.0,0.0,0.0,-5668.0,0.0,0.0,6271.0,0.0,0.0,-5759.0
1949,0.0,0.0,-5800.0,0.0,0.0,-5668.0,0.0,0.0,6271.0,0.0,0.0,-5759.0
1954,0.0,0.0,-5800.0,0.0,0.0,-3896.0,0.0,0.0,4725.0,0.0,0.0,-4250.0
1959,0.0,0.0,-4080.0,0.0,0.0,-3896.0,0.0,0.0,4725.0,0.0,0.0,-4250.0
1964,0.0,0.0,-4080.0,0.0,0.0,-3896.0,0.0,0.0,4725.0,0.0,0.0,-4250.0
1969,0.0,0.0,-4080.0,0.0,0.0,-3896.0,0.0,0.0,4725.0,0.0,0.0,-4250.0
1974,0.0,0.0,-4080.0,0.0,0.0,-3896.0,0.0,0.0,3237.0,0.0,0.0,-2769.0
1979,0.0,0.0,-2348.0,0.0,0.0,-2121.0,0.0,0.0,3237.0,0.0,0.0,-2769.0
1984,0.0,0.0,-2348.0,0.0,0.0,-2121.0,0.0,0.0,3237.0,0.0,0.0,-2769.0
1989,0.0,0.0,-2348.0,0.0,0.0,-2121.0,0.0,0.0,3237.0,0.0,0.0,-2769.0
1993,0.0,0.0,-2348.0,0.0,0.0,-2121.0,0.0,0.0,1764.0,0.0,0.0,-1547.0
1999,0.0,0.0,-648.0,0.0,0.0,-391.0,0.0,0.0,1764.0,0.0,0.0,-1547.0
2004,0.0,0.0,-648.0,0.0,0.0,-391.0,0.0,0.0,1764.0,0.0,0.0,-1547.0
2009,0.0,0.0,-648.0,0.0,0.0,-391.0,0.0,0.0,1764.0,0.0,0.0,-1547.0
2014,0.0,0.0,-648.0,0.0,0.0,-391.0,0.0,0.0,1507.0,0.0,0.0,-1585.0
2026,0.0,0.0,-386.0,0.0,0.0,-138.0,0.0,0.0,1507.0,0.0,0.0,-1585.0
2028,0.0,0.0,-386.0,0.0,0.0,-138.0,0.0,0.0,1507.0,0.0,0.0,-1585.0
2029,0.0,0.0,-386.0,0.0,0.0,-138.0,0.0,0.0,1507.0,0.0,0.0,-1585.0
2034,0.0,0.0,-386.0,0.0,0.0,-138.0,0.0,0.0,1443.0,0.0,0.0,-1420.0
2039,0.0,0.0,-386.0,0.0,0.0,-138.0,0.0,0.0,1443.0,0.0,0.0,-1420.0
2044,0.0,0.0,-386.0,0.0,0.0,-157.0,0.0,0.0,1443.0,0.0,0.0,-1420.0
2049,0.0,0.0,-389.0,0.0,0.0,-157.0,0.0,0.0,1443.0,0.0,0.0,-1420.0
2054,0.0,0.0,-389.0,0.0,0.0,-157.0,0.0,0.0,1334.0,0.0,0.0,-1259.0
2059,0.0,0.0,-389.0,0.0,0.0,-157.0,0.0,0.0,1334.0,0.0,0.0,-1259.0
2064,0.0,0.0,-389.0,0.0,0.0,-160.0,0.0,0.0,1334.0,0.0,0.0,-1259.0
2069,0.0,0.0,-354.0,0.0,0.0,-160.0,0.0,0.0,1334.0,0.0,0.0,-1259.0
2074,0.0,0.0,-354.0,0.0,0.0,-160.0,0.0,0.0,1081.0,0.0,0.0,-982.0
2079,0.0,0.0,-354.0,0.0,0.0,-160.0,0.0,0.0,1081.0,0.0,0.0,-982.0
2084,0.0,0.0,-354.0,0.0,0.0,-160.0,0.0,0.0,1081.0,0.0,0.0,-982.0
2089,0.0,0.0,-282.0,0.0,0.0,-144.0,0.0,0.0,1081.0,0.0,0.0,-982.0
2094,0.0,0.0,-282.0,0.0,0.0,-144.0,0.0,0.0,784.0,0.0,0.0,-710.0
2099,0.0,0.0,-282.0,0.0,0.0,-144.0,0.0,0.0,784.0,0.0,0.0,-710.0
2104,0.0,0.0,-282.0,0.0,0.0,-144.0,0.0,0.0,784.0,0.0,0.0,-710.0
2109,0.0,0.0,-194.0,0.0,0.0,-109.0,0.0,0.0,784.0,0.0,0.0,-710.0
2114,0.0,0.0,-194.0,0.0,0.0,-109.0,0.0,0.0,486.0,0.0,0.0,-410.0
2119,0.0,0.0,-194.0,0.0,0.0,-109.0,0.0,0.0,486.0,0.0,0.0,-410.0
2124,0.0,0.0,-194.0,0.0,0.0,-62.0,0.0,0.0,486.0,0.0,0.0,-410.0
2129,0.0,0.0,-91.0,0.0,0.0,-62.0,0.0,0.0,486.0,0.0,0.0,-410.0
2134,0.0,0.0,-91.0,0.0,0.0,-62.0,0.0,0.0,222.0,0.0,0.0,-183.0
2139,0.0,0.0,-91.0,0.0,0.0,-62.0,0.0,0.0,222.0,0.0,0.0,-183.0
2143,0.0,0.0,-91.0,0.0,0.0,-62.0,0.0,0.0,222.0,0.0,0.0,-183.0
2149,0.0,0.0,-1.0,0.0,0.0,4.0,0.0,0.0,222.0,0.0,0.0,-183.0
2154,0.0,0.0,-1.0,0.0,0.0,4.0,0.0,0.0,76.0,0.0,0.0,-48.0
2158,0.0,0.0,-1.0,0.0,0.0,4.0,0.0,0.0,76.0,0.0,0.0,-48.0
2164,0.0,0.0,-1.0,0.0,0.0,4.0,0.0,0.0,76.0,0.0,0.0,-48.0
2169,0.0,0.0,37.0,0.0,0.0,39.0,0.0,0.0,76.0,0.0,0.0,-48.0
2174,0.0,0.0,37.0,0.0,0.0,39.0,0.0,0.0,14.0,0.0,0.0,-2.0
2179,0.0,0.0,37.0,0.0,0.0,39.0,0.0,0.0,14.0,0.0,0.0,-2.0
2184,0.0,0.0,37.0,0.0,0.0,39.0,0.0,0.0,14.0,0.0,0.0,-2.0
2189,0.0,0.0,37.0,0.0,0.0,40.0,0.0,0.0,14.0,0.0,0.0,-2.0
2194,0.0,0.0,37.0,0.0,0.0,40.0,0.0,0.0,-2.0,0.0,0.0,2.0
2199,0.0,0.0,37.0,0.0,0.0,40.0,0.0,0.0,-2.0,0.0,0.0,2.0
2203,0.0,0.0,37.0,0.0,0.0,40.0,0.0,0.0,-2.0,0.0,0.0,2.0
2209,0.0,0.0,19.0,0.0,0.0,30.0,0.0,0.0,-2.0,0.0,0.0,2.0
2214,0.0,0.0,19.0,0.0,0.0,30.0,0.0,0.0,-1.0,0.0,0.0,0.0
2219,0.0,0.0,19.0,0.0,0.0,30.0,0.0,0.0,-1.0,0.0,0.0,0.0
2224,0.0,0.0,19.0,0.0,0.0,30.0,0.0,0.0,-1.0,0.0,0.0,0.0
2229,0.0,0.0,19.0,0.0,0.0,30.0,0.0,0.0,-1.0,0.0,0.0,0.0
2233,0.0,0.0,3.0,0.0,0.0,14.0,0.0,0.0,3.0,0.0,0.0,-4.0
2239,0.0,0.0,3.0,0.0,0.0,14.0,0.0,0.0,3.0,0.0,0.0,-4.0
2244,0.0,0.0,3.0,0.0,0.0,14.0,0.0,0.0,3.0,0.0,0.0,-4.0
2249,0.0,0.0,3.0,0.0,0.0,14.0,0.0,0.0,3.0,0.0,0.0,-4.0
2254,0.0,0.0,-4.0,0.0,0.0,2.0,0.0,0.0,5.0,0.0,0.0,-5.0
2259,0.0,0.0,-4.0,0.0,0.0,2.0,0.0,0.0,5.0,0.0,0.0,-5.0
2264,0.0,0.0,-4.0,0.0,0.0,2.0,0.0,0.0,5.0,0.0,0.0,-5.0
2269,0.0,0.0,-4.0,0.0,0.0,2.0,0.0,0.0,5.0,0.0,0.0,-5.0
2274,0.0,0.0,-4.0,0.0,0.0,0.0,0.0,0.0,5.0,0.0,0.0,-4.0
2279,0.0,0.0,-4.0,0.0,0.0,0.0,0.0,0.0,5.0,0.0,0.0,-4.0
2284,0.0,0.0,-4.0,0.0,0.0,0.0,0.0,0.0,5.0,0.0,0.0,-4.0
2289,0.0,0.0,-4.0,0.0,0.0,0.0,0.0,0.0,5.0,0.0,0.0,-4.0
2293,0.0,0.0,-2.0,0.0,0.0,0.0,0.0,0.0,2.0,0.0,0.0,-1.0
2299,0.0,0.0,-2.0,0.0,0.0,0.0,0.0,0.0,2.0,0.0,0.0,-1.0
2303,0.0,0.0,-2.0,0.0,0.0,0.0,0.0,0.0,2.0,0.0,0.0,-1.0
2309,0.0,0.0,-2.0,0.0,0.0,0.0,0.0,0.0,2.0,0.0,0.0,-1.0
2315,0.0,0.0,0.0,0.0,0.0,0.0,0.0,0.0,0.0,0.0,0.0,0.0
2319,0.0,0.0,0.0,0.0,0.0,0.0,0.0,0.0,0.0,0.0,0.0,0.0
2324,0.0,0.0,0.0,0.0,0.0,0.0,0.0,0.0,0.0,0.0,0.0,0.0
2330,0.0,0.0,0.0,0.0,0.0,0.0,0.0,0.0,0.0,0.0,0.0,0.0
2334,0.0,0.0,0.0,0.0,0.0,0.0,0.0,0.0,0.0,0.0,0.0,0.0
2338,0.0,0.0,0.0,0.0,0.0,0.0,0.0,0.0,0.0,0.0,0.0,0.0
2343,0.0,0.0,0.0,0.0,0.0,0.0,0.0,0.0,0.0,0.0,0.0,0.0
2349,0.0,0.0,0.0,0.0,0.0,0.0,0.0,0.0,0.0,0.0,0.0,0.0
2354,0.0,0.0,0.0,0.0,0.0,0.0,0.0,0.0,0.0,0.0,0.0,0.0
2359,0.0,0.0,0.0,0.0,0.0,0.0,0.0,0.0,0.0,0.0,0.0,0.0
2364,0.0,0.0,0.0,0.0,0.0,0.0,0.0,0.0,0.0,0.0,0.0,0.0
2369,0.0,0.0,0.0,0.0,0.0,0.0,0.0,0.0,0.0,0.0,0.0,0.0
2374,0.0,0.0,0.0,0.0,0.0,0.0,0.0,0.0,0.0,0.0,0.0,0.0
2379,0.0,0.0,0.0,0.0,0.0,0.0,0.0,0.0,1.0,0.0,0.0,0.0
2384,0.0,0.0,0.0,0.0,0.0,0.0,0.0,0.0,1.0,0.0,0.0,0.0
2389,0.0,0.0,0.0,0.0,0.0,0.0,0.0,0.0,1.0,0.0,0.0,0.0
2394,0.0,0.0,0.0,0.0,0.0,0.0,0.0,0.0,1.0,0.0,0.0,0.0
2399,0.0,0.0,0.0,0.0,0.0,0.0,0.0,0.0,1.0,0.0,0.0,0.0
2404,0.0,0.0,0.0,0.0,0.0,0.0,0.0,0.0,1.0,0.0,0.0,0.0
2409,0.0,0.0,0.0,0.0,0.0,0.0,0.0,0.0,1.0,0.0,0.0,0.0
2414,0.0,0.0,0.0,0.0,0.0,0.0,0.0,0.0,1.0,0.0,0.0,0.0
2419,0.0,0.0,0.0,0.0,0.0,0.0,0.0,0.0,1.0,0.0,0.0,0.0
2424,0.0,0.0,0.0,0.0,0.0,0.0,0.0,0.0,1.0,0.0,0.0,0.0
2429,0.0,0.0,0.0,0.0,0.0,0.0,0.0,0.0,1.0,0.0,0.0,0.0
2434,0.0,0.0,0.0,0.0,0.0,0.0,0.0,0.0,1.0,0.0,0.0,0.0
2439,0.0,0.0,0.0,0.0,0.0,0.0,0.0,0.0,1.0,0.0,0.0,0.0
2444,0.0,0.0,0.0,0.0,0.0,0.0,0.0,0.0,1.0,0.0,0.0,0.0
2449,0.0,0.0,0.0,0.0,0.0,0.0,0.0,0.0,1.0,0.0,0.0,0.0
2454,0.0,0.0,0.0,0.0,0.0,0.0,0.0,0.0,1.0,0.0,0.0,0.0
2459,0.0,0.0,0.0,0.0,0.0,0.0,0.0,0.0,1.0,0.0,0.0,0.0
2464,0.0,0.0,0.0,0.0,0.0,0.0,0.0,0.0,1.0,0.0,0.0,0.0
